{
    "logos": [
        {
            "id": 1,
            "url": "https://tradefintech.com/wp-content/uploads/2017/06/TF_Logo.png"
        },
        {
            "id": 2,
            "url": "https://99designs-start-attachments.imgix.net/alchemy-pictures/2016%2F02%2F22%2F04%2F24%2F31%2Fb7bd820a-ecc0-4170-8f4e-3db2e73b0f4a%2F550250_artsigma.png?auto=format&ch=Width%2CDPR&w=250&h=250"
        },
        {
            "id": 3,
            "url": "https://s3.eu-central-1.amazonaws.com/brokerlogos/logo.png"
        },
        {
            "id": 4,
            "url": "https://s3.eu-central-1.amazonaws.com/brokerlogos/logo-itrader.png"
        }
    ]
}